{
  "n_benign": 3861,
  "n_anomalous": 11763,
  "threshold": -0.14801390199248468,
  "precision": 0.9964954348427557,
  "recall": 0.918558190937686,
  "f1": 0.9559409006458462,
  "roc_auc": 0.9955034402029217,
  "confusion": {
    "tp": 10805,
    "fp": 38,
    "tn": 3823,
    "fn": 958
  }
}