{
  "n_benign": 3861,
  "n_anomalous": 5882,
  "threshold": -0.09681222423838094,
  "precision": 0.9923599320882852,
  "recall": 0.9937096225773546,
  "f1": 0.9930343187223921,
  "accuracy": 0.9915837011187519,
  "roc_auc": 0.9986006852718855,
  "confusion": {
    "tp": 5845,
    "fp": 45,
    "tn": 3816,
    "fn": 37
  }
}